name	K1	k2	k3	k4	vB	VT	CoV
Left-Accumbens-area	0.11372668145398841	0.10328574647293655	0.026911089243396608	0.05627294082578693	0.09999999999999999	1.6276548591864546	0.07923889812377506
