name	K1	k2	vB	VT	CoV
Left-Accumbens-area	0.10403624631352855	0.06801574563176375	0.09999999999999999	1.52959061680775	0.11074906637875873
